Name,Type.1,Type.2,HP,Attack,Defense,Sp.Atk,Sp.Def,Speed,Stat Total,Generation,Legendary,Mega,Tier
Munchlax,Normal,None,135,85,40,40,85,5,390,4,FALSE,FALSE,LC
Shuckle,Bug,Rock,20,10,230,10,230,5,505,2,FALSE,FALSE,RUBL
Bonsly,Rock,None,50,80,95,10,45,10,290,4,FALSE,FALSE,LC
Trapinch,Ground,None,45,100,45,45,45,10,290,3,FALSE,FALSE,LC
Ferroseed,Grass,Steel,44,50,91,24,86,10,305,5,FALSE,FALSE,NU
Igglybuff,Normal,Fairy,90,30,15,40,20,15,210,2,FALSE,FALSE,LC
Wooper,Water,Ground,55,45,45,25,25,15,210,2,FALSE,FALSE,LC
Silcoon,Bug,None,50,35,55,25,25,15,205,3,FALSE,FALSE,NFE
Cascoon,Bug,None,50,35,55,25,25,15,205,3,FALSE,FALSE,NFE
Roggenrola,Rock,None,55,75,85,25,25,15,280,5,FALSE,FALSE,LC
Pineco,Bug,None,50,65,90,35,35,15,290,2,FALSE,FALSE,LC
Slowpoke,Water,Psychic,90,65,65,40,40,15,315,1,FALSE,FALSE,LC
Cleffa,Fairy,None,50,25,28,45,55,15,218,2,FALSE,FALSE,LC
Foongus,Grass,Poison,69,55,45,55,55,15,294,5,FALSE,FALSE,LC
Jigglypuff,Normal,Fairy,115,45,20,45,25,20,270,1,FALSE,FALSE,NFE
Wurmple,Bug,None,45,45,35,20,30,20,195,3,FALSE,FALSE,LC
Geodude,Rock,Ground,40,80,100,30,30,20,300,1,FALSE,FALSE,LC
Azurill,Normal,Fairy,50,20,40,20,40,20,190,3,FALSE,FALSE,LC
Boldore,Rock,None,70,105,105,50,40,20,390,5,FALSE,FALSE,NFE
Slugma,Fire,None,40,40,40,70,40,20,250,2,FALSE,FALSE,LC
Sentret,Normal,None,35,46,34,35,45,20,215,2,FALSE,FALSE,LC
Solosis,Psychic,None,45,30,40,105,50,20,290,5,FALSE,FALSE,LC
Litwick,Ghost,Fire,50,30,55,65,55,20,275,5,FALSE,FALSE,LC
Togepi,Fairy,None,35,20,65,40,65,20,245,2,FALSE,FALSE,LC
Torkoal,Fire,None,70,85,140,85,70,20,470,3,FALSE,FALSE,PU
Escavalier,Bug,Steel,70,135,105,60,105,20,495,5,FALSE,FALSE,RU
Mega Camerupt,Fire,Ground,70,120,100,145,105,20,560,3,FALSE,TRUE,RU
Mega Sableye,Dark,Ghost,50,85,125,85,115,20,480,3,FALSE,TRUE,Uber
Ferrothorn,Grass,Steel,74,94,131,54,116,20,489,5,FALSE,FALSE,OU
Tirtouga,Water,Rock,54,78,103,53,45,22,355,5,FALSE,FALSE,LC
Wynaut,Psychic,None,95,23,48,23,48,23,260,3,FALSE,FALSE,LC
Spritzee,Fairy,None,78,52,60,63,65,23,341,6,FALSE,FALSE,LC
Bronzor,Steel,Psychic,57,24,86,24,86,23,300,4,FALSE,FALSE,LC
Lileep,Rock,Grass,66,41,77,61,87,23,355,3,FALSE,FALSE,LC
Munna,Psychic,None,76,25,45,67,55,24,292,5,FALSE,FALSE,LC
Makuhita,Fighting,None,72,60,30,20,30,25,237,3,FALSE,FALSE,LC
Rhyhorn,Ground,Rock,80,85,95,30,30,25,345,1,FALSE,FALSE,LC
Kricketot,Bug,None,37,25,41,25,41,25,194,4,FALSE,FALSE,LC
Grimer,Poison,None,80,80,50,40,50,25,325,1,FALSE,FALSE,LC
Spheal,Ice,Water,70,40,50,55,50,25,290,3,FALSE,FALSE,LC
Paras,Bug,Grass,35,70,55,45,55,25,285,1,FALSE,FALSE,LC
Shelmet,Bug,None,50,40,85,40,65,25,305,5,FALSE,FALSE,LC
Gigalith,Rock,None,85,135,130,60,80,25,515,5,FALSE,FALSE,PU
Duskull,Ghost,None,20,40,90,30,90,25,295,3,FALSE,FALSE,LC
Dusclops,Ghost,None,40,70,130,60,130,25,455,3,FALSE,FALSE,NFE
Whismur,Normal,None,64,51,23,51,23,28,240,3,FALSE,FALSE,LC
Bergmite,Ice,None,55,69,85,32,35,28,304,6,FALSE,FALSE,LC
Honedge,Steel,Ghost,45,80,100,35,37,28,325,6,FALSE,FALSE,LC
Avalugg,Ice,None,95,117,184,44,46,28,514,6,FALSE,FALSE,PU
Spewpa,Bug,None,45,22,60,27,30,29,213,6,FALSE,FALSE,NFE
Aromatisse,Fairy,None,101,72,72,99,89,29,462,6,FALSE,FALSE,RU
Musharna,Psychic,None,116,55,85,107,95,29,487,5,FALSE,FALSE,PUBL
Metapod,Bug,None,50,20,55,25,25,30,205,1,FALSE,FALSE,NFE
Sunkern,Grass,None,30,30,30,30,30,30,180,2,FALSE,FALSE,LC
Seedot,Grass,None,40,40,50,30,30,30,220,3,FALSE,FALSE,LC
Slakoth,Normal,None,60,60,60,35,35,30,280,3,FALSE,FALSE,LC
Spinarak,Bug,Poison,40,60,40,40,40,30,250,2,FALSE,FALSE,LC
Snubbull,Fairy,None,60,80,50,40,40,30,300,2,FALSE,FALSE,LC
Aron,Steel,Rock,50,70,100,40,40,30,330,3,FALSE,FALSE,LC
Lotad,Water,Grass,40,30,30,40,50,30,220,3,FALSE,FALSE,LC
Petilil,Grass,None,45,35,50,70,50,30,280,5,FALSE,FALSE,LC
Elgyem,Psychic,None,55,55,55,85,55,30,335,5,FALSE,FALSE,LC
Beldum,Steel,Psychic,40,55,80,35,60,30,300,3,FALSE,FALSE,LC
Klink,Steel,None,40,55,70,45,60,30,300,5,FALSE,FALSE,LC
Skrelp,Poison,Water,50,60,60,60,60,30,320,6,FALSE,FALSE,LC
Duosion,Psychic,None,65,40,50,125,60,30,370,5,FALSE,FALSE,PU
Happiny,Normal,None,100,5,5,15,65,30,220,4,FALSE,FALSE,LC
Sudowoodo,Rock,None,70,100,115,30,65,30,410,2,FALSE,FALSE,PU
Yamask,Ghost,None,38,30,85,55,65,30,303,5,FALSE,FALSE,LC
Steelix,Steel,Ground,75,85,200,55,65,30,510,2,FALSE,FALSE,NU
Oddish,Grass,Poison,45,50,55,75,65,30,320,1,FALSE,FALSE,LC
Lickitung,Normal,None,90,55,75,60,75,30,385,1,FALSE,FALSE,LC
Parasect,Bug,Grass,60,95,80,60,80,30,405,1,FALSE,FALSE,PU
Magcargo,Fire,Rock,50,50,120,80,80,30,410,2,FALSE,FALSE,PU
Amoonguss,Grass,Poison,114,85,70,85,80,30,464,5,FALSE,FALSE,OU
Slowbro,Water,Psychic,95,75,110,100,80,30,490,1,FALSE,FALSE,OU
Mega Slowbro,Water,Psychic,95,75,180,130,80,30,590,1,FALSE,TRUE,OU
Sunflora,Grass,None,75,75,55,105,85,30,425,2,FALSE,FALSE,PU
Reuniclus,Psychic,None,110,65,75,125,85,30,490,5,FALSE,FALSE,UU
Shieldon,Rock,Steel,30,42,118,42,88,30,350,4,FALSE,FALSE,LC
Nosepass,Rock,None,30,45,135,45,90,30,375,3,FALSE,FALSE,LC
Mega Steelix,Steel,Ground,75,125,230,55,95,30,610,2,FALSE,TRUE,RUBL
Cofagrigus,Ghost,None,58,50,145,95,105,30,483,5,FALSE,FALSE,RU
Mega Abomasnow,Grass,Ice,90,132,105,132,105,30,594,4,FALSE,TRUE,RUBL
Snorlax,Normal,None,160,110,65,65,110,30,540,1,FALSE,FALSE,UU
Slowking,Water,Psychic,95,75,80,100,110,30,490,2,FALSE,FALSE,RU
Bastiodon,Rock,Steel,60,52,168,47,138,30,495,4,FALSE,FALSE,PU
Bidoof,Normal,None,59,45,40,35,40,31,250,4,FALSE,FALSE,LC
Turtwig,Grass,None,55,68,64,45,55,31,318,4,FALSE,FALSE,LC
Hippopotas,Ground,None,68,72,78,38,42,32,330,4,FALSE,FALSE,LC
Clamperl,Water,None,35,64,85,74,55,32,345,3,FALSE,FALSE,LC
Carracosta,Water,Rock,74,108,133,83,65,32,495,5,FALSE,FALSE,PUBL
Stunfisk,Ground,Electric,109,66,84,81,99,32,471,5,FALSE,FALSE,PU
Wobbuffet,Psychic,None,190,33,58,33,58,33,405,2,FALSE,FALSE,PU
Bronzong,Steel,Psychic,67,89,116,79,116,33,500,4,FALSE,FALSE,RU
Shellos,Water,None,76,48,48,57,62,34,325,4,FALSE,FALSE,LC
Kakuna,Bug,Poison,45,25,50,25,25,35,205,1,FALSE,FALSE,NFE
Scatterbug,Bug,None,38,35,40,27,25,35,200,6,FALSE,FALSE,LC
Poochyena,Dark,None,35,55,35,30,30,35,220,3,FALSE,FALSE,LC
Timburr,Fighting,None,75,80,55,25,35,35,305,5,FALSE,FALSE,LC
Tyrogue,Fighting,None,35,35,35,35,35,35,210,2,FALSE,FALSE,LC
Machop,Fighting,None,70,80,50,35,35,35,305,1,FALSE,FALSE,LC
Corphish,Water,None,43,80,65,50,35,35,308,3,FALSE,FALSE,LC
Cacnea,Grass,None,50,85,40,85,40,35,335,3,FALSE,FALSE,LC
Graveler,Rock,Ground,55,95,115,45,45,35,390,1,FALSE,FALSE,NFE
Koffing,Poison,None,40,65,95,60,45,35,340,1,FALSE,FALSE,LC
Mareep,Electric,None,55,40,40,65,45,35,280,2,FALSE,FALSE,LC
Numel,Fire,Ground,60,60,40,65,45,35,305,3,FALSE,FALSE,LC
Doublade,Steel,Ghost,59,110,150,45,49,35,448,6,FALSE,FALSE,UU
Golett,Ground,Ghost,59,74,50,35,50,35,303,5,FALSE,FALSE,LC
Cubone,Ground,None,50,50,95,40,50,35,320,1,FALSE,FALSE,LC
Cherubi,Grass,None,45,35,45,62,53,35,275,4,FALSE,FALSE,LC
Omanyte,Rock,Water,35,40,100,90,55,35,355,1,FALSE,FALSE,LC
Shroomish,Grass,None,60,40,60,40,60,35,295,3,FALSE,FALSE,LC
Clefairy,Fairy,None,70,45,48,60,65,35,323,1,FALSE,FALSE,PU
Quagsire,Water,Ground,95,85,85,65,65,35,430,2,FALSE,FALSE,PU
Corsola,Water,Rock,55,55,85,65,85,35,380,2,FALSE,FALSE,PU
Spiritomb,Ghost,Dark,50,92,108,92,108,35,485,4,FALSE,FALSE,RU
Burmy,Bug,None,40,29,45,29,45,36,224,4,FALSE,FALSE,LC
Grotle,Grass,None,75,89,85,55,65,36,405,4,FALSE,FALSE,NFE
Wormadam-Sandy,Bug,Ground,60,79,105,59,85,36,424,4,FALSE,FALSE,PU
Wormadam-Trash,Bug,Steel,60,69,95,69,95,36,424,4,FALSE,FALSE,PU
Wormadam-Plant,Bug,Grass,60,59,85,79,105,36,424,4,FALSE,FALSE,PU
Chespin,Grass,None,56,61,65,48,45,38,313,6,FALSE,FALSE,LC
Deino,Dark,Dragon,52,65,50,45,50,38,300,5,FALSE,FALSE,LC
Phantump,Ghost,Grass,43,70,48,50,60,38,309,6,FALSE,FALSE,LC
Gastrodon,Water,Ground,111,83,68,92,82,39,475,4,FALSE,FALSE,NU
Shellder,Water,None,30,65,100,45,25,40,305,1,FALSE,FALSE,LC
Sandshrew,Ground,None,50,75,85,20,30,40,300,1,FALSE,FALSE,LC
Shedinja,Bug,Ghost,1,90,45,30,30,40,236,3,FALSE,FALSE,PU
Nincada,Bug,Ground,31,45,90,30,30,40,266,3,FALSE,FALSE,LC
Bellsprout,Grass,Poison,50,75,35,70,30,40,300,1,FALSE,FALSE,LC
Ralts,Psychic,Fairy,28,25,25,45,35,40,198,3,FALSE,FALSE,LC
Phanpy,Ground,None,90,60,60,40,40,40,330,2,FALSE,FALSE,LC
Cubchoo,Ice,None,55,70,40,60,40,40,305,5,FALSE,FALSE,LC
Rhydon,Ground,Rock,105,130,120,45,45,40,485,1,FALSE,FALSE,NU
Exeggcute,Grass,Psychic,60,40,80,60,45,40,325,1,FALSE,FALSE,LC
Marill,Water,Fairy,70,20,50,20,50,40,250,2,FALSE,FALSE,NFE
Gurdurr,Fighting,None,85,105,85,40,50,40,405,5,FALSE,FALSE,NU
Mudkip,Water,None,50,70,50,50,50,40,310,3,FALSE,FALSE,LC
Teddiursa,Normal,None,60,80,50,50,50,40,330,2,FALSE,FALSE,LC
Lairon,Steel,Rock,60,90,140,50,50,40,430,3,FALSE,FALSE,NFE
Gulpin,Poison,None,70,43,53,43,53,40,302,3,FALSE,FALSE,LC
Rhyperior,Ground,Rock,115,140,130,55,55,40,535,4,FALSE,FALSE,RU
Piplup,Water,None,53,51,53,61,56,40,314,4,FALSE,FALSE,LC
Ariados,Bug,Poison,70,90,70,60,60,40,390,2,FALSE,FALSE,PU
Forretress,Bug,Steel,75,90,140,60,60,40,465,2,FALSE,FALSE,UU
Snover,Grass,Ice,60,62,50,62,60,40,334,4,FALSE,FALSE,LC
Eelektrik,Electric,None,65,85,70,75,70,40,405,5,FALSE,FALSE,NFE
Goomy,Dragon,None,45,50,35,55,75,40,300,6,FALSE,FALSE,LC
Porygon,Normal,None,65,60,70,85,75,40,395,1,FALSE,FALSE,LC
Gloom,Grass,Poison,60,65,70,85,75,40,395,1,FALSE,FALSE,NFE
Camerupt,Fire,Ground,70,100,70,105,75,40,460,3,FALSE,FALSE,PU
Frillish,Water,Ghost,55,40,50,65,85,40,335,5,FALSE,FALSE,LC
Beheeyem,Psychic,None,75,75,75,125,95,40,485,5,FALSE,FALSE,PU
Vespiquen,Bug,Flying,70,80,102,80,102,40,474,4,FALSE,FALSE,PU
Togetic,Fairy,Flying,55,40,85,80,105,40,405,2,FALSE,FALSE,RU
Kecleon,Normal,None,60,90,70,60,120,40,440,3,FALSE,FALSE,NU
Probopass,Rock,Steel,60,55,145,75,150,40,525,4,FALSE,FALSE,PU
Nidoran-F,Poison,None,55,47,52,40,40,41,275,1,FALSE,FALSE,LC
Larvitar,Rock,Ground,50,64,50,45,50,41,300,2,FALSE,FALSE,LC
Pumpkaboo-Super,Ghost,Grass,59,66,70,44,55,41,335,6,FALSE,FALSE,LC
Patrat,Normal,None,45,55,39,35,39,42,255,5,FALSE,FALSE,LC
Gible,Dragon,Ground,58,70,45,40,45,42,300,4,FALSE,FALSE,LC
Sewaddle,Bug,Grass,45,53,70,40,60,42,310,5,FALSE,FALSE,LC
Flabebe,Fairy,None,44,38,39,61,79,42,303,6,FALSE,FALSE,LC
Swadloon,Bug,Grass,55,63,90,50,80,42,380,5,FALSE,FALSE,NFE
Drowzee,Psychic,None,60,48,45,43,90,42,328,1,FALSE,FALSE,LC
Pidove,Normal,Flying,50,55,50,36,30,43,264,5,FALSE,FALSE,LC
Totodile,Water,None,50,65,64,44,48,43,314,2,FALSE,FALSE,LC
Pancham,Fighting,None,67,82,62,46,48,43,348,6,FALSE,FALSE,LC
Squirtle,Water,None,44,48,65,50,64,43,314,1,FALSE,FALSE,LC
Cradily,Rock,Grass,86,81,97,81,107,43,495,3,FALSE,FALSE,NU
Vanillite,Ice,None,36,50,50,65,60,44,305,5,FALSE,FALSE,LC
Clauncher,Water,None,50,53,62,58,63,44,330,6,FALSE,FALSE,LC
Dragalge,Poison,Dragon,65,75,90,97,123,44,494,6,FALSE,FALSE,RUBL
Caterpie,Bug,None,45,30,35,20,20,45,195,1,FALSE,FALSE,LC
Shuppet,Ghost,None,44,75,35,63,33,45,295,3,FALSE,FALSE,LC
Shinx,Electric,None,45,65,34,40,34,45,263,4,FALSE,FALSE,LC
Tepig,Fire,None,65,63,45,45,45,45,308,5,FALSE,FALSE,LC
Oshawott,Water,None,55,55,45,63,45,45,308,5,FALSE,FALSE,LC
Inkay,Dark,Psychic,53,54,53,37,46,45,288,6,FALSE,FALSE,LC
Chingling,Psychic,None,45,30,50,65,50,45,285,4,FALSE,FALSE,LC
Torchic,Fire,None,45,60,40,70,50,45,310,3,FALSE,FALSE,LC
Wigglytuff,Normal,Fairy,140,70,45,85,50,45,435,1,FALSE,FALSE,PU
Venonat,Bug,Poison,60,55,50,40,55,45,305,1,FALSE,FALSE,LC
Magnemite,Electric,Steel,25,35,70,95,55,45,325,1,FALSE,FALSE,LC
Machoke,Fighting,None,80,100,70,50,60,45,405,1,FALSE,FALSE,PUBL
Granbull,Fairy,None,90,120,75,60,60,45,450,2,FALSE,FALSE,RU
Flaaffy,Electric,None,70,55,55,80,60,45,365,2,FALSE,FALSE,NFE
Chikorita,Grass,None,45,49,65,49,65,45,318,2,FALSE,FALSE,LC
Gothita,Psychic,None,45,30,50,55,65,45,290,5,FALSE,FALSE,LC
Conkeldurr,Fighting,None,105,140,95,55,65,45,505,5,FALSE,FALSE,UU
Golem,Rock,Ground,80,120,130,55,65,45,495,1,FALSE,FALSE,PU
Bulbasaur,Grass,Poison,45,49,49,65,65,45,318,1,FALSE,FALSE,LC
Dunsparce,Normal,None,100,70,70,65,65,45,415,2,FALSE,FALSE,PU
Seel,Water,None,65,45,55,45,70,45,325,1,FALSE,FALSE,LC
Sealeo,Ice,Water,90,60,70,75,70,45,410,3,FALSE,FALSE,NFE
Crustle,Bug,Rock,70,95,125,65,75,45,475,5,FALSE,FALSE,PU
Octillery,Water,None,75,105,75,105,75,45,480,2,FALSE,FALSE,PU
Marowak,Ground,None,60,80,110,50,80,45,425,1,FALSE,FALSE,PU
Armaldo,Rock,Bug,75,125,100,70,80,45,495,3,FALSE,FALSE,PU
Throh,Fighting,None,120,100,85,30,85,45,465,5,FALSE,FALSE,PUBL
Mega Ampharos,Electric,Dragon,90,95,105,165,110,45,610,2,FALSE,TRUE,UU
Dusknoir,Ghost,None,45,100,135,65,135,45,525,4,FALSE,FALSE,PU
Pumpkaboo-Large,Ghost,Grass,54,66,70,44,55,46,335,6,FALSE,FALSE,LC
Amaura,Rock,Ice,77,59,50,67,63,46,362,6,FALSE,FALSE,LC
Carnivine,Grass,None,74,100,72,90,72,46,454,4,FALSE,FALSE,PU
Hippowdon,Ground,None,108,112,118,68,72,47,525,4,FALSE,FALSE,OU
Whirlipede,Bug,Poison,40,55,99,40,79,47,360,5,FALSE,FALSE,NFE
Loudred,Normal,None,84,71,43,71,43,48,360,3,FALSE,FALSE,NFE
Tyrunt,Rock,Dragon,58,89,77,45,45,48,362,6,FALSE,FALSE,LC
Ditto,Normal,None,48,48,48,48,48,48,288,1,FALSE,FALSE,PU
Unown,Psychic,None,48,72,48,72,48,48,336,2,FALSE,FALSE,PU
Scraggy,Dark,Fighting,50,75,70,35,70,48,348,5,FALSE,FALSE,LC
Druddigon,Dragon,None,77,120,90,60,90,48,485,5,FALSE,FALSE,RU
Swirlix,Fairy,None,62,48,66,59,57,49,341,6,FALSE,FALSE,LC
Weedle,Bug,Poison,40,35,30,20,20,50,195,1,FALSE,FALSE,LC
Krabby,Water,None,30,105,90,25,25,50,325,1,FALSE,FALSE,LC
Swinub,Ice,Ground,50,50,40,30,30,50,250,2,FALSE,FALSE,LC
Bagon,Dragon,None,45,75,60,40,30,50,300,3,FALSE,FALSE,LC
Skitty,Normal,None,50,45,45,35,35,50,260,3,FALSE,FALSE,LC
Nidoran-M,Poison,None,46,57,40,40,40,50,273,1,FALSE,FALSE,LC
Croagunk,Poison,Fighting,48,61,40,61,40,50,300,4,FALSE,FALSE,LC
Darumaka,Fire,None,70,90,45,15,45,50,315,5,FALSE,FALSE,LC
Dratini,Dragon,None,41,64,45,50,50,50,300,1,FALSE,FALSE,LC
Snorunt,Ice,None,50,50,50,50,50,50,300,3,FALSE,FALSE,LC
Shelgon,Dragon,None,65,95,100,60,50,50,420,3,FALSE,FALSE,NFE
Tangrowth,Grass,None,100,100,125,110,50,50,535,4,FALSE,FALSE,OU
Hoppip,Grass,Flying,35,35,40,35,55,50,250,2,FALSE,FALSE,LC
Mawile,Steel,Fairy,50,85,85,55,55,50,380,3,FALSE,FALSE,PU
Kirlia,Psychic,Fairy,38,35,35,65,55,50,278,3,FALSE,FALSE,NFE
Hoothoot,Normal,Flying,60,30,30,36,56,50,262,2,FALSE,FALSE,LC
Binacle,Rock,Water,42,52,67,39,56,50,306,6,FALSE,FALSE,LC
Hariyama,Fighting,None,144,120,60,40,60,50,474,3,FALSE,FALSE,NU
Piloswine,Ice,Ground,100,100,80,60,60,50,450,2,FALSE,FALSE,NU
Donphan,Ground,None,90,120,120,60,60,50,500,2,FALSE,FALSE,UU
Aggron,Steel,Rock,70,110,180,60,60,50,530,3,FALSE,FALSE,NU
Sableye,Dark,Ghost,50,75,75,65,65,50,380,3,FALSE,FALSE,RUBL
Lombre,Water,Grass,60,50,50,60,70,50,340,3,FALSE,FALSE,NFE
Marshtomp,Water,Ground,70,85,70,60,70,50,405,3,FALSE,FALSE,NFE
Swablu,Normal,Flying,45,40,60,40,75,50,310,3,FALSE,FALSE,LC
Prinplup,Water,None,64,66,68,81,76,50,405,4,FALSE,FALSE,PU
Metang,Steel,Psychic,60,75,100,55,80,50,420,3,FALSE,FALSE,PU
Azumarill,Water,Fairy,100,50,80,60,80,50,420,2,FALSE,FALSE,OU
Mega Aggron,Steel,None,70,140,230,60,80,50,630,3,FALSE,TRUE,UU
Beartic,Ice,None,95,110,80,70,80,50,485,5,FALSE,FALSE,PU
Eelektross,Electric,None,85,115,80,105,80,50,515,5,FALSE,FALSE,RU
Klang,Steel,None,60,80,95,70,85,50,440,5,FALSE,FALSE,NFE
Audino,Normal,None,103,60,86,60,86,50,445,5,FALSE,FALSE,PU
Vileplume,Grass,Poison,75,80,85,110,90,50,490,1,FALSE,FALSE,NU
Mega Mawile,Steel,Fairy,50,105,125,55,95,50,480,3,FALSE,TRUE,Uber
Lickilicky,Normal,None,110,85,95,80,95,50,515,4,FALSE,FALSE,PU
Regirock,Rock,None,80,100,200,50,100,50,580,3,TRUE,FALSE,NU
Muk,Poison,None,105,105,75,65,100,50,500,1,FALSE,FALSE,PU
Bellossom,Grass,None,75,80,95,90,100,50,490,2,FALSE,FALSE,PU
Chansey,Normal,None,250,5,5,35,105,50,450,1,FALSE,FALSE,OU
Mantyke,Water,Flying,45,20,50,60,120,50,345,4,FALSE,FALSE,LC
Mega Audino,Normal,Fairy,103,60,126,80,126,50,545,5,FALSE,TRUE,NU
Carbink,Rock,Fairy,50,50,150,50,150,50,500,6,FALSE,FALSE,PU
Registeel,Steel,None,80,75,150,75,150,50,580,3,TRUE,FALSE,RU
Diancie,Rock,Fairy,50,100,150,100,150,50,600,6,TRUE,FALSE,RU
Regice,Ice,None,80,50,100,100,200,50,580,3,TRUE,FALSE,PU
PumpkabooAverage Size,Ghost,Grass,49,66,70,44,55,51,335,6,FALSE,FALSE,LC
Pupitar,Rock,Ground,70,84,70,65,70,51,410,2,FALSE,FALSE,NFE
Tropius,Grass,Flying,99,68,83,72,87,51,460,3,FALSE,FALSE,PU
Skiddo,Grass,None,66,65,48,62,57,52,350,6,FALSE,FALSE,LC
Huntail,Water,None,55,104,105,94,75,52,485,3,FALSE,FALSE,PU
Gorebyss,Water,None,55,84,105,114,75,52,485,3,FALSE,FALSE,PU
Floette,Fairy,None,54,45,47,75,98,52,371,6,FALSE,FALSE,NFE
Gourgeist-Super,Ghost,Grass,85,100,122,58,75,54,494,6,FALSE,FALSE,PU
Dwebble,Bug,Rock,50,65,85,35,35,55,325,5,FALSE,FALSE,LC
Zubat,Poison,Flying,40,45,35,30,40,55,245,1,FALSE,FALSE,LC
Noibat,Flying,Dragon,40,30,35,45,40,55,245,6,FALSE,FALSE,LC
Lillipup,Normal,None,45,60,45,25,45,55,275,5,FALSE,FALSE,LC
Kabuto,Rock,Water,30,80,90,55,45,55,355,1,FALSE,FALSE,LC
Weepinbell,Grass,Poison,65,90,50,85,45,55,390,1,FALSE,FALSE,NFE
Ducklett,Water,Flying,62,44,50,44,50,55,305,5,FALSE,FALSE,LC
Psyduck,Water,None,50,52,48,65,50,55,320,1,FALSE,FALSE,LC
Ekans,Poison,None,35,60,44,40,54,55,288,1,FALSE,FALSE,LC
Pignite,Fire,Fighting,90,93,55,70,55,55,418,5,FALSE,FALSE,NFE
Crawdaunt,Water,Dark,63,120,85,90,55,55,468,3,FALSE,FALSE,UU
Combusken,Fire,Fighting,60,85,60,85,60,55,405,3,FALSE,FALSE,PU
Lampent,Ghost,Fire,60,40,60,95,60,55,370,5,FALSE,FALSE,NFE
Cacturne,Grass,Dark,70,115,60,115,60,55,475,3,FALSE,FALSE,PU
Eevee,Normal,None,55,55,50,45,65,55,325,1,FALSE,FALSE,LC
Relicanth,Water,Rock,100,90,130,45,65,55,485,3,FALSE,FALSE,PU
Exeggutor,Grass,Psychic,95,95,85,125,65,55,520,1,FALSE,FALSE,PUBL
Baltoy,Ground,Psychic,40,40,55,40,70,55,300,3,FALSE,FALSE,LC
Budew,Grass,Poison,40,30,35,50,70,55,280,4,FALSE,FALSE,LC
Omastar,Rock,Water,70,60,125,115,70,55,495,1,FALSE,FALSE,NU
Ursaring,Normal,None,90,130,75,75,75,55,500,2,FALSE,FALSE,PU
Ledyba,Bug,Flying,40,20,30,40,80,55,265,2,FALSE,FALSE,LC
Golurk,Ground,Ghost,89,124,80,55,80,55,483,5,FALSE,FALSE,NU
Swalot,Poison,None,100,73,83,73,83,55,467,3,FALSE,FALSE,PU
Machamp,Fighting,None,90,130,80,65,85,55,505,1,FALSE,FALSE,UU
Gothorita,Psychic,None,60,45,70,75,85,55,390,5,FALSE,FALSE,NFE
Ampharos,Electric,None,90,75,85,115,90,55,510,2,FALSE,FALSE,PU
Bouffalant,Normal,None,95,110,95,40,95,55,490,5,FALSE,FALSE,PU
DarmanitanZen Mode,Fire,Psychic,105,30,105,140,105,55,540,5,FALSE,FALSE,UU
Blissey,Normal,None,255,10,10,75,135,55,540,2,FALSE,FALSE,UU
Pidgey,Normal,Flying,40,45,40,35,35,56,251,1,FALSE,FALSE,LC
Pumpkaboo-Small,Ghost,Grass,44,66,70,44,55,56,335,6,FALSE,FALSE,LC
Nidorina,Poison,None,70,62,67,55,55,56,365,1,FALSE,FALSE,NFE
Trevenant,Ghost,Grass,85,110,76,65,82,56,474,6,FALSE,FALSE,PU
Torterra,Grass,Ground,95,109,105,75,85,56,525,4,FALSE,FALSE,NU
Bunnelby,Normal,None,38,36,38,32,36,57,237,6,FALSE,FALSE,LC
Venipede,Bug,Poison,30,45,59,30,39,57,260,5,FALSE,FALSE,LC
Axew,Dragon,None,46,87,60,30,40,57,320,5,FALSE,FALSE,LC
Quilladin,Grass,None,61,78,95,56,58,57,405,6,FALSE,FALSE,NFE
Cranidos,Rock,None,67,125,40,30,30,58,350,4,FALSE,FALSE,LC
Rampardos,Rock,None,97,165,60,65,50,58,495,4,FALSE,FALSE,PU
Croconaw,Water,None,65,80,80,59,63,58,405,2,FALSE,FALSE,NFE
Zweilous,Dark,Dragon,72,85,70,65,70,58,420,5,FALSE,FALSE,NFE
Pangoro,Fighting,Dark,95,124,78,69,71,58,495,6,FALSE,FALSE,RUBL
Wartortle,Water,None,59,63,80,65,80,58,405,1,FALSE,FALSE,NFE
Aurorus,Rock,Ice,123,77,72,99,92,58,521,6,FALSE,FALSE,NU
Scrafty,Dark,Fighting,65,90,115,45,115,58,488,5,FALSE,FALSE,RU
Vanillish,Ice,None,51,65,65,80,75,59,395,5,FALSE,FALSE,NFE
Clawitzer,Water,None,71,73,88,120,89,59,500,6,FALSE,FALSE,RU
Horsea,Water,None,30,40,70,70,25,60,295,1,FALSE,FALSE,LC
Starly,Normal,Flying,40,55,30,30,30,60,245,4,FALSE,FALSE,LC
Pichu,Electric,None,20,40,15,35,35,60,205,2,FALSE,FALSE,LC
Wailmer,Water,None,130,70,35,70,35,60,400,3,FALSE,FALSE,LC
Riolu,Fighting,None,40,70,40,35,40,60,285,4,FALSE,FALSE,LC
Pawniard,Dark,Steel,45,85,70,40,40,60,340,5,FALSE,FALSE,PU
Tynamo,Electric,None,35,55,40,45,40,60,275,5,FALSE,FALSE,LC
Nuzleaf,Grass,Dark,70,70,40,60,40,60,340,3,FALSE,FALSE,NFE
Tangela,Grass,None,65,55,115,100,40,60,435,1,FALSE,FALSE,PU
Zigzagoon,Normal,None,38,30,41,30,41,60,240,3,FALSE,FALSE,LC
Barboach,Water,Ground,50,48,43,46,41,60,288,3,FALSE,FALSE,LC
Karrablast,Bug,None,50,75,45,40,45,60,315,5,FALSE,FALSE,LC
Wailord,Water,None,170,90,45,90,45,60,500,3,FALSE,FALSE,PU
Luxio,Electric,None,60,85,49,60,49,60,363,4,FALSE,FALSE,NFE
Rufflet,Normal,Flying,70,83,50,37,50,60,350,5,FALSE,FALSE,LC
Growlithe,Fire,None,55,70,45,70,50,60,350,1,FALSE,FALSE,LC
Aegislash,Steel,Ghost,60,150,50,150,50,60,520,6,FALSE,FALSE,Uber
Meditite,Fighting,Psychic,30,40,55,40,55,60,280,3,FALSE,FALSE,LC
Larvesta,Bug,Fire,55,85,55,50,55,60,360,5,FALSE,FALSE,LC
Spinda,Normal,None,60,60,60,60,60,60,360,3,FALSE,FALSE,PU
Fennekin,Fire,None,40,45,40,62,60,60,307,6,FALSE,FALSE,LC
Dewott,Water,None,75,75,60,83,60,60,413,5,FALSE,FALSE,NFE
Farfetch'd,Normal,Flying,52,65,55,58,62,60,352,1,FALSE,FALSE,PU
Herdier,Normal,None,65,80,65,35,65,60,370,5,FALSE,FALSE,NFE
Vullaby,Dark,Flying,70,55,75,45,65,60,370,5,FALSE,FALSE,PU
Maractus,Grass,None,75,86,67,106,67,60,461,5,FALSE,FALSE,PU
Weezing,Poison,None,65,90,120,85,70,60,490,1,FALSE,FALSE,NU
Whiscash,Water,Ground,110,78,73,76,71,60,468,3,FALSE,FALSE,PU
Bayleef,Grass,None,60,62,80,63,80,60,405,2,FALSE,FALSE,NFE
Spoink,Psychic,None,60,25,35,70,80,60,330,3,FALSE,FALSE,LC
Ivysaur,Grass,Poison,60,62,63,80,80,60,405,1,FALSE,FALSE,NFE
Masquerain,Bug,Flying,70,60,62,80,82,60,414,3,FALSE,FALSE,PU
Abomasnow,Grass,Ice,90,92,75,92,85,60,494,4,FALSE,FALSE,NU
Mime Jr.,Psychic,Fairy,20,25,45,70,90,60,310,4,FALSE,FALSE,LC
Swampert,Water,Ground,100,110,90,85,90,60,535,3,FALSE,FALSE,UU
Clefable,Fairy,None,95,70,73,95,90,60,483,1,FALSE,FALSE,OU
Magnezone,Electric,Steel,70,70,115,130,90,60,535,4,FALSE,FALSE,OU
Lapras,Water,Ice,130,85,80,85,95,60,535,1,FALSE,FALSE,PU
Porygon2,Normal,None,85,80,90,105,95,60,515,2,FALSE,FALSE,UU
Empoleon,Water,Steel,84,86,88,111,101,60,530,4,FALSE,FALSE,UU
Jellicent,Water,Ghost,100,60,70,85,105,60,480,5,FALSE,FALSE,RU
Sliggoo,Dragon,None,68,75,53,83,113,60,452,6,FALSE,FALSE,NFE
Sylveon,Fairy,None,95,65,65,110,130,60,525,6,FALSE,FALSE,UU
Chimchar,Fire,None,44,58,44,58,44,61,309,4,FALSE,FALSE,LC
Tyranitar,Rock,Dark,100,134,110,95,100,61,600,2,FALSE,FALSE,OU
Fletchling,Normal,Flying,45,50,43,40,38,62,278,6,FALSE,FALSE,LC
Goldeen,Water,None,45,67,60,35,50,63,320,1,FALSE,FALSE,LC
Snivy,Grass,None,45,45,55,45,55,63,308,5,FALSE,FALSE,LC
Tympole,Water,None,50,50,40,50,40,64,294,5,FALSE,FALSE,LC
Pansage,Grass,None,50,53,48,53,48,64,316,5,FALSE,FALSE,LC
Pansear,Fire,None,50,53,48,53,48,64,316,5,FALSE,FALSE,LC
Panpour,Water,None,50,53,48,53,48,64,316,5,FALSE,FALSE,LC
Chesnaught,Grass,Fighting,88,107,122,74,75,64,530,6,FALSE,FALSE,UU
Carvanha,Water,Dark,45,90,20,65,20,65,305,3,FALSE,FALSE,LC
Sandile,Ground,Dark,50,72,35,35,35,65,292,5,FALSE,FALSE,LC
Remoraid,Water,None,35,65,35,65,35,65,300,2,FALSE,FALSE,LC
Electrike,Electric,None,40,45,40,65,40,65,295,3,FALSE,FALSE,LC
Zorua,Dark,None,40,65,40,80,40,65,330,5,FALSE,FALSE,LC
Tranquill,Normal,Flying,62,77,62,50,42,65,358,5,FALSE,FALSE,NFE
Alomomola,Water,None,165,75,80,40,45,65,470,5,FALSE,FALSE,RU
Mienfoo,Fighting,None,45,85,50,55,50,65,350,5,FALSE,FALSE,LC
Joltik,Bug,Electric,50,47,50,57,50,65,319,5,FALSE,FALSE,LC
Charmander,Fire,None,39,52,43,60,50,65,309,1,FALSE,FALSE,LC
Cyndaquil,Fire,None,39,52,43,60,50,65,309,2,FALSE,FALSE,LC
Houndour,Dark,Fire,45,60,30,80,50,65,330,2,FALSE,FALSE,LC
Beautifly,Bug,Flying,60,70,50,100,50,65,395,3,FALSE,FALSE,PU
Kricketune,Bug,None,77,85,51,55,51,65,384,4,FALSE,FALSE,PU
Surskit,Bug,Water,40,30,32,50,52,65,269,3,FALSE,FALSE,LC
Skorupi,Poison,Bug,40,50,90,30,55,65,330,4,FALSE,FALSE,LC
Sandslash,Ground,None,75,100,110,45,55,65,450,1,FALSE,FALSE,NU
Nidorino,Poison,None,61,72,57,55,55,65,365,1,FALSE,FALSE,NFE
Seviper,Poison,None,73,100,60,100,60,65,458,3,FALSE,FALSE,PU
Trubbish,Poison,None,50,50,62,40,62,65,329,5,FALSE,FALSE,LC
Banette,Ghost,None,64,115,65,83,63,65,455,3,FALSE,FALSE,PU
Vulpix,Fire,None,38,41,40,50,65,65,299,1,FALSE,FALSE,LC
Smoochum,Ice,Psychic,45,30,15,85,65,65,305,2,FALSE,FALSE,LC
Emboar,Fire,Fighting,110,123,65,100,65,65,528,5,FALSE,FALSE,RU
Heatmor,Fire,None,85,97,66,105,66,65,484,5,FALSE,FALSE,PU
Pelipper,Water,Flying,60,50,100,85,70,65,430,3,FALSE,FALSE,PU
Scizor,Bug,Steel,70,130,100,55,80,65,500,2,FALSE,FALSE,OU
Chimecho,Psychic,None,65,50,70,95,80,65,425,3,FALSE,FALSE,PU
Roselia,Grass,Poison,50,60,45,100,80,65,400,3,FALSE,FALSE,PU
Dustox,Bug,Poison,60,50,70,50,90,65,385,3,FALSE,FALSE,PU
Walrein,Ice,Water,110,80,90,95,90,65,530,3,FALSE,FALSE,PU
Vaporeon,Water,None,130,65,60,110,95,65,525,1,FALSE,FALSE,UU
Glaceon,Ice,None,65,60,110,130,95,65,525,4,FALSE,FALSE,PU
Flareon,Fire,None,65,130,60,95,110,65,525,1,FALSE,FALSE,PU
Gothitelle,Psychic,None,70,55,95,95,110,65,490,5,FALSE,FALSE,PU
Umbreon,Dark,None,95,65,110,60,130,65,525,2,FALSE,FALSE,UU
Purrloin,Dark,None,41,50,37,50,37,66,281,5,FALSE,FALSE,LC
Cottonee,Grass,Fairy,40,27,60,37,50,66,280,5,FALSE,FALSE,LC
Mothim,Bug,Flying,70,94,50,94,50,66,424,4,FALSE,FALSE,PU
Finneon,Water,None,49,49,56,49,61,66,330,4,FALSE,FALSE,LC
Fraxure,Dragon,None,66,117,70,40,50,67,410,5,FALSE,FALSE,NFE
Chinchou,Water,Electric,75,38,38,56,56,67,330,2,FALSE,FALSE,LC
Lanturn,Water,Electric,125,58,58,76,76,67,460,2,FALSE,FALSE,NU
Hypno,Psychic,None,85,73,70,73,115,67,483,1,FALSE,FALSE,PU
Drilbur,Ground,None,60,85,40,30,45,68,328,5,FALSE,FALSE,LC
Espurr,Psychic,None,62,48,54,63,60,68,355,6,FALSE,FALSE,LC
Exploud,Normal,None,104,91,63,91,73,68,490,3,FALSE,FALSE,RU
Seaking,Water,None,80,92,65,65,80,68,450,1,FALSE,FALSE,PU
Gogoat,Grass,None,123,100,62,97,81,68,531,6,FALSE,FALSE,PU
Barbaracle,Rock,Water,72,105,115,54,86,68,500,6,FALSE,FALSE,NU
Palpitoad,Water,Ground,75,65,55,65,55,69,384,5,FALSE,FALSE,NFE
Gourgeist-Large,Ghost,Grass,75,95,122,58,75,69,494,6,FALSE,FALSE,PU
Spearow,Normal,Flying,40,60,30,31,31,70,262,1,FALSE,FALSE,LC
Combee,Bug,Flying,30,30,42,30,42,70,244,4,FALSE,FALSE,LC
Helioptile,Electric,Normal,44,38,33,61,43,70,289,6,FALSE,FALSE,LC
Drifloon,Ghost,Flying,90,50,34,60,44,70,348,4,FALSE,FALSE,LC
Onix,Rock,Ground,35,45,160,30,45,70,385,1,FALSE,FALSE,LC
Mankey,Fighting,None,40,80,35,35,45,70,305,1,FALSE,FALSE,LC
Natu,Psychic,Flying,40,50,45,70,45,70,320,2,FALSE,FALSE,LC
Archen,Rock,Flying,55,112,45,74,45,70,401,5,FALSE,FALSE,LC
Cloyster,Water,Ice,50,95,180,85,45,70,525,1,FALSE,FALSE,UU
Vibrava,Ground,Dragon,50,70,50,50,50,70,340,3,FALSE,FALSE,NFE
Delcatty,Normal,None,70,65,65,55,55,70,380,3,FALSE,FALSE,PU
Treecko,Grass,None,40,45,35,65,55,70,310,3,FALSE,FALSE,LC
Mightyena,Dark,None,70,90,70,60,60,70,420,3,FALSE,FALSE,PU
Breloom,Grass,Fighting,60,130,80,60,60,70,460,3,FALSE,FALSE,OU
Solrock,Rock,Psychic,70,95,85,55,65,70,440,3,FALSE,FALSE,PU
Skarmory,Steel,Flying,65,80,140,40,70,70,465,2,FALSE,FALSE,OU
Bisharp,Dark,Steel,65,125,100,60,70,70,490,5,FALSE,FALSE,OU
Dragonair,Dragon,None,61,84,65,70,70,70,420,1,FALSE,FALSE,NFE
Castform,Normal,None,70,70,70,70,70,70,420,3,FALSE,FALSE,PU
Victreebel,Grass,Poison,80,105,65,100,70,70,490,1,FALSE,FALSE,PUBL
Samurott,Water,None,95,100,85,108,70,70,528,5,FALSE,FALSE,NU
Magneton,Electric,Steel,50,60,95,120,70,70,465,1,FALSE,FALSE,RU
Luxray,Electric,None,80,120,79,95,79,70,523,4,FALSE,FALSE,PU
Butterfree,Bug,Flying,60,45,50,90,80,70,395,1,FALSE,FALSE,PU
Lunatone,Rock,Psychic,70,55,65,95,85,70,440,3,FALSE,FALSE,PU
Poliwrath,Water,Fighting,90,95,95,70,90,70,510,1,FALSE,FALSE,NU
Metagross,Steel,Psychic,80,135,130,95,90,70,600,3,FALSE,FALSE,UU
Volcanion,Fire,Water,80,110,120,130,90,70,600,6,TRUE,FALSE,OU
Dewgong,Water,Ice,90,70,80,70,95,70,475,1,FALSE,FALSE,PU
Noctowl,Normal,Flying,100,50,50,76,96,70,442,2,FALSE,FALSE,PU
Tentacool,Water,Poison,40,40,35,50,100,70,335,1,FALSE,FALSE,LC
Ludicolo,Water,Grass,80,70,70,90,100,70,480,3,FALSE,FALSE,NU
Politoed,Water,None,90,75,75,90,100,70,500,2,FALSE,FALSE,PU
Hitmontop,Fighting,None,50,95,95,35,110,70,455,2,FALSE,FALSE,RU
Mega Swampert,Water,Ground,100,150,110,95,110,70,635,3,FALSE,TRUE,UU
Hoopa,Psychic,Ghost,80,110,60,150,130,70,600,6,TRUE,FALSE,RU
Mantine,Water,Flying,65,40,70,80,140,70,465,2,FALSE,FALSE,NU
Froakie,Water,None,41,56,40,62,44,71,314,6,FALSE,FALSE,LC
Pidgeotto,Normal,Flying,63,60,55,50,50,71,349,1,FALSE,FALSE,NFE
Honchkrow,Dark,Flying,100,125,52,105,52,71,505,4,FALSE,FALSE,RUBL
Tyrantrum,Rock,Dragon,82,121,119,69,59,71,521,6,FALSE,FALSE,RUBL
Bibarel,Normal,Water,79,85,60,55,60,71,410,4,FALSE,FALSE,PU
Mega Tyranitar,Rock,Dark,100,164,150,95,120,71,700,2,FALSE,TRUE,OU
Rattata,Normal,None,30,56,35,25,35,72,253,1,FALSE,FALSE,LC
Woobat,Psychic,Flying,55,45,43,55,43,72,313,5,FALSE,FALSE,LC
Litleo,Fire,Normal,62,50,58,73,54,72,369,6,FALSE,FALSE,LC
Slurpuff,Fairy,None,82,80,86,85,75,72,480,6,FALSE,FALSE,RUBL
Braixen,Fire,None,59,59,58,90,70,73,409,6,FALSE,FALSE,NFE
Malamar,Dark,Psychic,86,92,88,68,75,73,482,6,FALSE,FALSE,NU
Stunky,Poison,Dark,63,63,47,41,41,74,329,4,FALSE,FALSE,LC
Krokorok,Ground,Dark,60,82,45,45,45,74,351,5,FALSE,FALSE,NFE
Seismitoad,Water,Ground,105,95,75,85,75,74,509,5,FALSE,FALSE,RU
Doduo,Normal,Flying,35,85,45,35,35,75,310,1,FALSE,FALSE,LC
Minccino,Normal,None,55,50,40,40,40,75,300,5,FALSE,FALSE,LC
Smeargle,Normal,None,55,20,35,20,45,75,250,2,FALSE,FALSE,PU
Delibird,Ice,Flying,45,55,45,65,45,75,330,2,FALSE,FALSE,PU
Deerling,Normal,Grass,60,60,50,40,50,75,335,5,FALSE,FALSE,LC
Anorith,Rock,Bug,45,95,50,40,50,75,355,3,FALSE,FALSE,LC
Kingler,Water,None,55,130,115,50,50,75,475,1,FALSE,FALSE,PU
Absol,Dark,None,65,130,60,75,60,75,465,3,FALSE,FALSE,RU
Beedrill,Bug,Poison,65,90,40,45,80,75,395,1,FALSE,FALSE,PU
Garbodor,Poison,None,80,95,82,60,82,75,474,5,FALSE,FALSE,NU
Mega Banette,Ghost,None,64,165,75,93,83,75,555,3,FALSE,TRUE,RU
Klefki,Steel,Fairy,57,80,91,80,87,75,470,6,FALSE,FALSE,UU
Mega Scizor,Bug,Steel,70,150,140,65,100,75,600,2,FALSE,TRUE,OU
Mega Heracross,Bug,Fighting,80,185,115,40,105,75,600,2,FALSE,TRUE,OU
Claydol,Ground,Psychic,60,70,105,70,120,75,500,3,FALSE,FALSE,NU
Florges,Fairy,None,78,65,68,112,154,75,552,6,FALSE,FALSE,UU
Blitzle,Electric,None,45,60,32,50,32,76,295,5,FALSE,FALSE,LC
Nidoqueen,Poison,Ground,90,92,87,75,85,76,505,1,FALSE,FALSE,UU
Hitmonchan,Fighting,None,50,105,79,35,110,76,455,1,FALSE,FALSE,NU
Watchog,Normal,None,60,85,69,60,69,77,420,5,FALSE,FALSE,PU
Heatran,Fire,Steel,91,90,106,130,106,77,600,4,TRUE,FALSE,OU
Diggersby,Normal,Ground,85,56,77,50,77,78,423,6,FALSE,FALSE,UUBL
Feraligatr,Water,None,85,105,100,79,83,78,530,2,FALSE,FALSE,UU
Blastoise,Water,None,79,83,100,85,105,78,530,1,FALSE,FALSE,RU
Mega Blastoise,Water,None,79,103,120,135,115,78,630,1,FALSE,TRUE,UU
Vanilluxe,Ice,None,71,95,85,110,95,79,535,5,FALSE,FALSE,PU
Magikarp,Water,None,20,10,55,15,20,80,200,1,FALSE,FALSE,LC
Gastly,Ghost,Poison,30,35,30,100,35,80,310,1,FALSE,FALSE,LC
Staravia,Normal,Flying,55,75,50,40,40,80,340,4,FALSE,FALSE,NFE
Drifblim,Ghost,Flying,150,80,44,90,54,80,498,4,FALSE,FALSE,PU
Feebas,Water,None,20,15,20,10,55,80,200,3,FALSE,FALSE,LC
Mamoswine,Ice,Ground,110,130,80,70,60,80,530,4,FALSE,FALSE,UU
Shiftry,Grass,Dark,90,100,60,90,60,80,480,3,FALSE,FALSE,NU
Skiploom,Grass,Flying,55,45,50,45,65,80,340,2,FALSE,FALSE,NFE
Charmeleon,Fire,None,58,64,58,80,65,80,405,1,FALSE,FALSE,NFE
Quilava,Fire,None,58,64,58,80,65,80,405,2,FALSE,FALSE,NFE
Kabutops,Rock,Water,60,115,105,65,70,80,495,1,FALSE,FALSE,NU
Blaziken,Fire,Fighting,80,120,70,110,70,80,530,3,FALSE,FALSE,Uber
Braviary,Normal,Flying,100,123,75,57,75,80,510,5,FALSE,FALSE,RU
Medicham,Fighting,Psychic,60,60,75,60,75,80,410,3,FALSE,FALSE,RU
Arbok,Poison,None,60,85,69,65,79,80,438,1,FALSE,FALSE,PU
Glalie,Ice,None,80,80,80,80,80,80,480,3,FALSE,FALSE,PU
Phione,Water,None,80,80,80,80,80,80,480,4,TRUE,FALSE,PU
Stoutland,Normal,None,85,110,90,45,90,80,500,5,FALSE,FALSE,PU
Chandelure,Ghost,Fire,60,55,90,145,90,80,520,5,FALSE,FALSE,UU
Mandibuzz,Dark,Flying,110,65,105,55,95,80,510,5,FALSE,FALSE,UU
Meganium,Grass,None,80,82,100,83,100,80,525,2,FALSE,TRUE,PU
Venusaur,Grass,Poison,80,82,83,100,100,80,525,1,FALSE,FALSE,RU
Dragonite,Dragon,Flying,91,134,95,100,100,80,600,1,FALSE,FALSE,OU
Altaria,Dragon,Flying,75,70,90,70,105,80,490,3,FALSE,FALSE,PU
Mesprit,Psychic,None,80,105,105,105,105,80,580,4,TRUE,FALSE,NU
Mega Altaria,Dragon,Fairy,75,110,110,110,105,80,590,3,FALSE,TRUE,UUBL
Grumpig,Psychic,None,80,45,65,90,110,80,470,3,FALSE,FALSE,PU
Gallade,Psychic,Fighting,68,125,65,65,115,80,518,4,FALSE,FALSE,RU
Togekiss,Fairy,Flying,85,50,95,120,115,80,545,4,FALSE,FALSE,UUBL
Gardevoir,Psychic,Fairy,68,65,65,125,115,80,518,3,FALSE,FALSE,UU
Mega Venusaur,Grass,Poison,80,100,123,122,120,80,625,1,FALSE,TRUE,OU
Hoopa-U,Psychic,Dark,80,160,60,170,130,80,680,6,TRUE,FALSE,Uber
Goodra,Dragon,None,90,100,70,110,150,80,600,6,FALSE,FALSE,UU
Monferno,Fire,Fighting,64,78,52,78,52,81,405,4,FALSE,FALSE,PU
Gyarados,Water,Flying,95,125,79,60,100,81,540,1,FALSE,FALSE,UU
Milotic,Water,None,95,60,79,100,125,81,540,3,FALSE,FALSE,UU
Mega Gyarados,Water,Dark,95,155,109,70,130,81,640,1,FALSE,TRUE,UUBL
Gabite,Dragon,Ground,68,90,65,50,55,82,410,4,FALSE,FALSE,PU
Magby,Fire,None,45,75,37,70,55,83,365,2,FALSE,FALSE,LC
Servine,Grass,None,60,60,75,60,75,83,413,5,FALSE,FALSE,NFE
Magmortar,Fire,None,75,95,67,125,95,83,540,4,FALSE,FALSE,NU
Fletchinder,Fire,Flying,62,73,55,56,52,84,382,6,FALSE,FALSE,RU
Skuntank,Poison,Dark,103,93,67,71,61,84,479,4,FALSE,FALSE,NU
Gourgeist,Ghost,Grass,65,90,122,58,75,84,494,6,FALSE,FALSE,PU
Taillow,Normal,Flying,40,55,30,30,30,85,270,3,FALSE,FALSE,LC
Wingull,Water,Flying,40,30,30,55,30,85,270,3,FALSE,FALSE,LC
Buizel,Water,None,55,65,35,60,30,85,330,4,FALSE,FALSE,LC
Glameow,Normal,None,49,55,42,42,37,85,310,4,FALSE,FALSE,LC
Seadra,Water,None,55,65,95,95,45,85,440,1,FALSE,FALSE,NFE
Aipom,Normal,None,55,70,55,40,55,85,360,2,FALSE,FALSE,LC
Qwilfish,Water,Poison,65,95,75,55,55,85,430,2,FALSE,FALSE,RU
Staryu,Water,None,30,45,55,70,55,85,340,1,FALSE,FALSE,LC
Buneary,Normal,None,55,66,44,44,56,85,350,4,FALSE,FALSE,LC
Gligar,Ground,Flying,65,75,105,35,65,85,430,2,FALSE,FALSE,UU
Stantler,Normal,None,73,95,62,85,65,85,465,2,FALSE,FALSE,PU
Toxicroak,Poison,Fighting,83,106,65,86,65,85,490,4,FALSE,FALSE,UU
Girafarig,Normal,Psychic,70,80,65,90,65,85,455,2,FALSE,FALSE,PU
Pinsir,Bug,None,65,125,100,55,70,85,500,1,FALSE,FALSE,NU
Sawk,Fighting,None,75,125,75,30,75,85,465,5,FALSE,FALSE,RU
Volbeat,Bug,None,65,73,55,47,75,85,400,3,FALSE,FALSE,PU
Illumise,Bug,None,65,47,55,73,75,85,400,3,FALSE,FALSE,PU
Nidoking,Poison,Ground,81,102,77,85,75,85,505,1,FALSE,FALSE,UU
Cherrim,Grass,None,70,60,70,87,78,85,450,4,FALSE,FALSE,PU
Golduck,Water,None,80,82,78,95,80,85,500,1,FALSE,FALSE,PU
Misdreavus,Ghost,None,60,60,60,85,85,85,435,2,FALSE,FALSE,PU
Heracross,Bug,Fighting,80,125,75,40,95,85,500,2,FALSE,FALSE,UU
Kingdra,Water,Dragon,75,95,95,95,95,85,540,2,FALSE,FALSE,RUBL
Ledian,Bug,Flying,55,35,50,55,110,85,390,2,FALSE,FALSE,PU
Suicune,Water,None,100,75,115,90,115,85,580,2,TRUE,FALSE,UU
Articuno,Ice,Flying,90,85,100,95,125,85,580,1,TRUE,FALSE,PU
Cresselia,Psychic,None,120,70,120,75,130,85,600,4,FALSE,FALSE,UU
Meloetta,Electric,Grass,50,65,107,105,107,86,520,4,TRUE,FALSE,RU
Rotom-F,Electric,Ice,50,65,107,105,107,86,520,4,FALSE,FALSE,PU
Rotom-H,Electric,Fire,50,65,107,105,107,86,520,4,FALSE,FALSE,UU
Rotom-S,Electric,Flying,50,65,107,105,107,86,520,4,FALSE,FALSE,PU
Rotom-W,Electric,Water,50,65,107,105,107,86,520,4,FALSE,FALSE,OU
Hitmonlee,Fighting,None,50,120,53,35,110,87,455,1,FALSE,FALSE,RU
Excadrill,Ground,Steel,110,135,60,50,65,88,508,5,FALSE,FALSE,OU
Vivillon,Bug,Flying,80,52,50,90,50,89,411,6,FALSE,FALSE,NU
Meowth,Normal,None,40,45,35,40,40,90,290,1,FALSE,FALSE,LC
Poliwag,Water,None,40,50,40,40,40,90,300,1,FALSE,FALSE,LC
Pikachu,Electric,None,35,55,40,50,50,90,320,1,FALSE,FALSE,NFE
Poliwhirl,Water,None,65,65,65,50,50,90,385,1,FALSE,FALSE,NFE
Furret,Normal,None,85,76,64,45,55,90,415,2,FALSE,FALSE,PU
Vigoroth,Normal,None,80,80,80,55,55,90,440,3,FALSE,FALSE,PUBL
Abra,Psychic,None,25,20,15,105,55,90,310,1,FALSE,FALSE,LC
Zangoose,Normal,None,73,115,60,60,60,90,458,3,FALSE,FALSE,NU
Ponyta,Fire,None,50,85,55,65,65,90,410,1,FALSE,FALSE,LC
Lucario,Fighting,Steel,70,110,70,115,70,90,525,4,FALSE,FALSE,UU
Golbat,Poison,Flying,75,80,70,65,75,90,455,1,FALSE,FALSE,RU
Venomoth,Bug,Poison,70,65,60,90,75,90,450,1,FALSE,FALSE,RUBL
Lilligant,Grass,None,70,60,75,110,75,90,480,5,FALSE,FALSE,NU
Porygon-Z,Normal,None,85,80,70,135,75,90,535,4,FALSE,FALSE,UU
Kangaskhan,Normal,None,105,95,80,40,80,90,490,1,FALSE,FALSE,NU
Klinklang,Steel,None,60,100,115,70,85,90,520,5,FALSE,FALSE,NU
Moltres,Fire,Flying,90,100,90,125,85,90,580,1,TRUE,FALSE,RUBL
Groudon,Ground,None,100,150,140,100,90,90,670,3,TRUE,FALSE,Uber
Primal Groudon,Ground,Fire,100,180,160,150,90,90,770,3,TRUE,FALSE,Uber
Giratina-O,Ghost,Dragon,150,120,100,120,100,90,680,4,TRUE,FALSE,Uber
Zekrom,Dragon,Electric,100,150,120,120,100,90,680,5,TRUE,FALSE,Uber
Dialga,Steel,Dragon,100,120,120,150,100,90,680,4,TRUE,FALSE,Uber
Roserade,Grass,Poison,60,70,65,125,105,90,515,4,FALSE,FALSE,UU
Mr. Mime,Psychic,Fairy,40,45,65,100,120,90,460,1,FALSE,FALSE,PU
Giratina,Ghost,Dragon,150,100,120,100,120,90,680,4,TRUE,FALSE,Uber
Reshiram,Dragon,Fire,100,120,100,150,120,90,680,5,TRUE,FALSE,Uber
Meloetta-P,Normal,Psychic,100,77,77,128,128,90,600,5,TRUE,FALSE,RU
Kyogre,Water,None,100,100,90,150,140,90,670,3,TRUE,FALSE,Uber
Ho-oh,Fire,Flying,106,130,90,110,154,90,680,2,TRUE,FALSE,Uber
Deoxys-D,Psychic,None,50,70,160,70,160,90,600,3,TRUE,FALSE,Uber
Primal Kyogre,Water,None,100,150,90,180,160,90,770,3,TRUE,FALSE,Uber
Murkrow,Dark,Flying,60,85,42,85,42,91,405,2,FALSE,FALSE,PU
Chatot,Normal,Flying,76,65,45,92,42,91,411,4,FALSE,FALSE,PU
Rotom,Electric,Ghost,50,50,77,95,77,91,440,4,FALSE,FALSE,NU
Landorus-T,Ground,Flying,89,145,90,105,80,91,600,5,TRUE,FALSE,OU
Lumineon,Water,None,69,69,76,69,86,91,460,4,FALSE,FALSE,PU
Krookodile,Ground,Dark,95,117,80,65,70,92,519,5,FALSE,FALSE,UU
Leavanny,Bug,Grass,75,103,80,70,80,92,500,5,FALSE,FALSE,PU
Mega Garchomp,Dragon,Ground,108,170,115,120,95,92,700,4,FALSE,TRUE,OU
Unfezant,Normal,Flying,80,115,80,65,55,93,488,5,FALSE,FALSE,PU
Magmar,Fire,None,65,95,57,100,85,93,495,1,FALSE,FALSE,NFE
Sharpedo,Water,Dark,70,120,40,95,40,95,460,3,FALSE,FALSE,RUBL
Diglett,Ground,None,10,55,25,35,45,95,265,1,FALSE,FALSE,LC
Yanma,Bug,Flying,65,65,45,75,45,95,390,2,FALSE,FALSE,LC
Darmanitan,Fire,None,105,140,55,30,55,95,480,5,FALSE,FALSE,UU
Elekid,Electric,None,45,63,37,65,55,95,360,2,FALSE,FALSE,LC
Haunter,Ghost,Poison,45,50,45,115,55,95,405,1,FALSE,FALSE,NU
Yanmega,Bug,Flying,86,76,86,116,56,95,515,4,FALSE,FALSE,RUBL
Leafeon,Grass,None,65,110,130,60,65,95,525,4,FALSE,FALSE,PU
Grovyle,Grass,None,50,65,45,85,65,95,405,3,FALSE,FALSE,NFE
Primeape,Fighting,None,65,105,60,60,70,95,455,1,FALSE,FALSE,NU
Sawsbuck,Normal,Grass,80,100,70,60,70,95,475,5,FALSE,FALSE,PU
Xatu,Psychic,Flying,65,75,70,95,70,95,470,2,FALSE,FALSE,NU
Gliscor,Ground,Flying,75,95,125,45,75,95,510,4,FALSE,FALSE,OU
Drapion,Poison,Dark,70,90,110,60,75,95,500,4,FALSE,FALSE,RU
Plusle,Electric,None,60,50,40,85,75,95,405,3,FALSE,FALSE,PU
Arcanine,Fire,None,90,110,80,100,80,95,555,1,FALSE,FALSE,UU
Houndoom,Dark,Fire,75,90,50,110,80,95,500,2,FALSE,FALSE,RU
Minun,Electric,None,60,40,50,75,85,95,405,3,FALSE,FALSE,PU
Electivire,Electric,None,75,123,67,95,85,95,540,4,FALSE,FALSE,NU
Pachirisu,Electric,None,60,45,70,45,90,95,405,4,FALSE,FALSE,PU
Kyurem-B,Dragon,Ice,125,170,100,120,90,95,700,5,TRUE,FALSE,OU
Kyurem,Dragon,Ice,125,130,90,130,90,95,660,5,TRUE,FALSE,RUBL
Rayquaza,Dragon,Flying,105,150,90,150,90,95,680,3,TRUE,FALSE,Uber
Zygarde,Dragon,Ground,108,100,121,81,95,95,600,6,TRUE,FALSE,UUBL
Jynx,Ice,Psychic,65,50,35,115,95,95,455,1,FALSE,FALSE,NU
Kyurem-W,Dragon,Ice,125,120,90,170,100,95,700,5,TRUE,FALSE,Uber
Uxie,Psychic,None,75,75,130,75,130,95,580,4,TRUE,FALSE,RU
Frogadier,Water,None,54,63,52,83,56,97,405,6,FALSE,FALSE,NFE
Luvdisc,Water,None,43,30,55,40,65,97,330,3,FALSE,FALSE,PU
Raticate,Normal,None,55,81,60,50,70,97,413,1,FALSE,FALSE,PU
Haxorus,Dragon,None,76,147,90,60,70,97,540,5,FALSE,FALSE,UU
Sigilyph,Psychic,Flying,72,58,80,103,80,97,490,5,FALSE,FALSE,RU
Basculin,Water,None,70,92,65,80,55,98,460,5,FALSE,FALSE,PU
Swanna,Water,Flying,75,87,63,87,63,98,473,5,FALSE,FALSE,PU
Hydreigon,Dark,Dragon,92,105,90,125,90,98,600,5,FALSE,FALSE,UU
Gourgeist-Small,Ghost,Grass,55,85,122,58,75,99,494,6,FALSE,FALSE,PU
Genesect,Bug,Steel,71,120,95,120,95,99,600,5,TRUE,FALSE,Uber
Xerneas,Fairy,None,126,131,95,131,98,99,680,6,TRUE,FALSE,Uber
Yveltal,Dark,Flying,126,131,95,131,98,99,680,6,TRUE,FALSE,Uber
Voltorb,Electric,None,40,30,50,55,55,100,330,1,FALSE,FALSE,LC
Staraptor,Normal,Flying,85,120,70,50,60,100,485,4,FALSE,FALSE,UUBL
Dodrio,Normal,Flying,60,110,70,60,60,100,460,1,FALSE,FALSE,PU
Linoone,Normal,None,78,70,61,50,61,100,420,3,FALSE,FALSE,PUBL
Fearow,Normal,Flying,65,90,65,61,61,100,442,1,FALSE,FALSE,PU
Slaking,Normal,None,150,160,100,95,65,100,670,3,FALSE,FALSE,PU
Miltank,Normal,None,95,80,105,40,70,100,490,2,FALSE,FALSE,NU
Entei,Fire,None,115,115,85,90,75,100,580,2,TRUE,FALSE,UU
Flygon,Ground,Dragon,80,100,80,80,80,100,520,3,FALSE,FALSE,RU
Salamence,Dragon,Flying,95,135,80,110,80,100,600,3,FALSE,FALSE,UUBL
Mega Glalie,Ice,None,80,120,80,120,80,100,580,3,FALSE,TRUE,RU
Mega Blaziken,Fire,Fighting,80,160,80,130,80,100,630,3,FALSE,TRUE,Uber
Mega Medicham,Fighting,Psychic,60,100,85,80,85,100,510,3,FALSE,TRUE,OU
Charizard,Fire,Flying,78,84,78,109,85,100,534,1,FALSE,FALSE,NU
Typhlosion,Fire,None,78,84,78,109,85,100,534,2,FALSE,FALSE,RU
Mega Charizard X,Fire,Dragon,78,130,111,130,85,100,634,1,FALSE,TRUE,OU
Zapdos,Electric,Flying,90,90,85,125,90,100,580,1,TRUE,FALSE,OU
Mega Kangaskhan,Normal,None,105,125,100,60,100,100,590,1,FALSE,TRUE,Uber
Ninetales,Fire,None,73,76,75,81,100,100,505,1,FALSE,FALSE,PU
Mew,Psychic,None,100,100,100,100,100,100,600,1,TRUE,FALSE,OU
Celebi,Psychic,Grass,100,100,100,100,100,100,600,2,TRUE,FALSE,UU
Jirachi,Steel,Psychic,100,100,100,100,100,100,600,3,TRUE,FALSE,OU
Manaphy,Water,None,100,100,100,100,100,100,600,4,TRUE,FALSE,OU
Shaymin,Grass,None,100,100,100,100,100,100,600,4,TRUE,FALSE,RUBL
Victini,Psychic,Fire,100,100,100,100,100,100,600,5,TRUE,FALSE,UUBL
Volcarona,Bug,Fire,85,60,65,135,105,100,550,5,FALSE,FALSE,UUBL
Regigigas,Normal,None,110,160,110,80,110,100,670,4,TRUE,FALSE,PU
Mega Charizard Y,Fire,Flying,78,104,78,159,115,100,634,1,FALSE,TRUE,OU
Tentacruel,Water,Poison,80,70,65,80,120,100,515,1,FALSE,FALSE,UU
Palkia,Water,Dragon,90,120,100,150,120,100,680,4,TRUE,FALSE,Uber
Mega Gardevoir,Psychic,Fairy,68,85,65,165,135,100,618,3,FALSE,TRUE,OU
Simisage,Grass,None,75,98,63,98,63,101,498,5,FALSE,FALSE,PU
Simisear,Fire,None,75,98,63,98,63,101,498,5,FALSE,FALSE,PU
Simipour,Water,None,75,98,63,98,63,101,498,5,FALSE,FALSE,PU
Dedenne,Electric,Fairy,67,58,57,81,67,101,431,6,FALSE,FALSE,PU
Pidgeot,Normal,Flying,83,80,75,70,70,101,479,1,FALSE,FALSE,PU
Landorus,Ground,Flying,89,125,90,115,80,101,600,5,TRUE,FALSE,Uber
Thundurus-T,Electric,Flying,79,105,70,145,80,101,580,5,TRUE,FALSE,UUBL
Garchomp,Dragon,Ground,108,130,95,80,85,102,600,4,FALSE,FALSE,OU
Furfrou,Normal,None,75,80,60,65,90,102,472,6,FALSE,FALSE,PU
Emolga,Electric,Flying,55,75,60,75,60,103,428,5,FALSE,FALSE,PU
Meowstic-F,Psychic,None,74,48,76,83,81,104,466,6,FALSE,FALSE,PU
Meowstic-M,Psychic,None,74,48,76,83,81,104,466,6,FALSE,FALSE,PU
Delphox,Fire,Psychic,75,69,72,114,100,104,534,6,FALSE,FALSE,RU
Mienshao,Fighting,None,65,125,60,95,60,105,510,5,FALSE,FALSE,UU
Manectric,Electric,None,70,75,60,105,60,105,475,3,FALSE,FALSE,NU
Zoroark,Dark,None,60,105,60,120,60,105,510,5,FALSE,FALSE,RUBL
Mega Sharpedo,Water,Dark,70,140,70,110,65,105,560,3,FALSE,TRUE,UU
Kadabra,Psychic,None,40,35,30,120,70,105,400,1,FALSE,FALSE,PU
Scyther,Bug,Flying,70,110,80,55,80,105,500,1,FALSE,FALSE,NU
Rapidash,Fire,None,65,100,70,80,80,105,500,1,FALSE,FALSE,PU
Electabuzz,Electric,None,65,83,57,95,85,105,490,1,FALSE,FALSE,NFE
Mega Pinsir,Bug,Flying,65,155,120,65,90,105,600,1,FALSE,TRUE,OU
Lopunny,Normal,None,65,76,84,54,96,105,480,4,FALSE,FALSE,PU
Mismagius,Ghost,None,60,60,60,105,105,105,495,4,FALSE,FALSE,NU
Cryogonal,Ice,None,70,50,30,95,135,105,485,5,FALSE,FALSE,PU
Liepard,Dark,None,64,88,50,88,50,106,446,5,FALSE,FALSE,NU
Pyroar,Fire,Normal,86,68,72,109,66,106,507,6,FALSE,FALSE,NU
Galvantula,Bug,Electric,70,77,60,97,60,108,472,5,FALSE,FALSE,UU
Infernape,Fire,Fighting,76,104,71,104,71,108,534,4,FALSE,FALSE,UU
Cobalion,Steel,Fighting,91,90,129,90,72,108,580,5,TRUE,FALSE,UU
Terrakion,Rock,Fighting,91,129,90,72,90,108,580,5,TRUE,FALSE,UUBL
Keldeo,Water,Fighting,91,72,90,129,90,108,580,5,FALSE,FALSE,OU
Virizion,Grass,Fighting,91,90,72,90,129,108,580,5,TRUE,FALSE,RU
Durant,Bug,Steel,58,109,112,48,48,109,484,5,FALSE,FALSE,RUBL
Heliolisk,Electric,Normal,62,55,52,109,94,109,481,6,FALSE,FALSE,UU
Archeops,Rock,Flying,75,140,65,112,65,110,567,5,FALSE,FALSE,NU
Tauros,Normal,None,75,100,95,40,70,110,490,1,FALSE,FALSE,NU
Froslass,Ice,Ghost,70,80,70,80,70,110,480,4,FALSE,FALSE,RUBL
Gengar,Ghost,Poison,60,65,60,130,75,110,500,1,FALSE,FALSE,OU
Raichu,Electric,None,60,90,55,90,80,110,485,1,FALSE,FALSE,PU
Jumpluff,Grass,Flying,75,55,70,55,95,110,460,2,FALSE,FALSE,PU
Espeon,Psychic,None,65,65,60,130,95,110,525,2,FALSE,FALSE,UU
Mega Metagross,Steel,Psychic,80,145,150,105,110,110,700,3,FALSE,TRUE,OU
Latios,Dragon,Psychic,80,90,80,130,110,110,600,3,TRUE,FALSE,OU
Mega Diancie,Rock,Fairy,50,160,110,160,110,110,700,6,TRUE,TRUE,OU
Mega Gallade,Psychic,Fighting,68,165,95,65,115,110,618,4,FALSE,TRUE,UUBL
Mega Latios,Dragon,Psychic,80,130,100,160,120,110,700,3,TRUE,TRUE,OU
Latias,Dragon,Psychic,80,80,90,110,130,110,600,3,TRUE,FALSE,OU
Mega Latias,Dragon,Psychic,80,100,120,140,150,110,700,3,TRUE,TRUE,OU
Lugia,Psychic,Flying,106,90,130,90,154,110,680,2,TRUE,FALSE,Uber
Tornadus,Flying,None,79,115,70,125,80,111,580,5,TRUE,FALSE,UU
Thundurus,Electric,Flying,79,115,70,125,80,111,580,5,TRUE,FALSE,OU
Purugly,Normal,None,71,82,64,64,59,112,452,4,FALSE,FALSE,PU
Scolipede,Bug,Poison,60,100,89,55,69,112,485,5,FALSE,FALSE,UUBL
Mega Lucario,Fighting,Steel,70,145,88,140,70,112,625,4,FALSE,TRUE,Uber
Serperior,Grass,None,75,75,95,75,95,113,528,5,FALSE,FALSE,OU
Swoobat,Psychic,Flying,67,57,55,77,55,114,425,5,FALSE,FALSE,PU
Floatzel,Water,None,85,105,55,85,50,115,495,4,FALSE,FALSE,PU
Cinccino,Normal,None,75,95,60,65,60,115,470,5,FALSE,FALSE,RU
Mega Absol,Dark,None,65,150,60,115,60,115,565,3,FALSE,TRUE,UU
Persian,Normal,None,65,70,60,65,65,115,440,1,FALSE,FALSE,PU
Ambipom,Normal,None,75,100,66,60,66,115,482,4,FALSE,FALSE,RU
Azelf,Psychic,None,75,125,70,125,70,115,580,4,TRUE,FALSE,OU
Sneasel,Dark,Ice,55,95,55,35,75,115,430,2,FALSE,FALSE,RU
Starmie,Water,Psychic,60,75,85,100,85,115,520,1,FALSE,FALSE,OU
Mega Houndoom,Dark,Fire,75,90,90,140,90,115,600,2,FALSE,TRUE,RUBL
Raikou,Electric,None,90,85,75,115,100,115,580,2,TRUE,FALSE,OU
Mega Rayquaza,Dragon,Flying,105,180,100,180,100,115,780,3,TRUE,TRUE,Uber
Zebstrika,Electric,None,75,100,63,80,63,116,497,5,FALSE,FALSE,PU
Whimsicott,Grass,Fairy,60,67,85,77,75,116,480,5,FALSE,FALSE,UU
Hawlucha,Fighting,Flying,78,92,75,74,63,118,500,6,FALSE,FALSE,UUBL
Dugtrio,Ground,None,35,80,50,50,70,120,405,1,FALSE,FALSE,OU
Sceptile,Grass,None,70,85,65,105,85,120,530,3,FALSE,FALSE,NUBL
Mega Salamence,Dragon,Flying,95,145,130,120,90,120,700,3,FALSE,TRUE,Uber
Alakazam,Psychic,None,55,50,45,135,95,120,500,1,FALSE,FALSE,UUBL
Arceus,Normal,None,120,120,120,120,120,120,720,4,TRUE,FALSE,Uber
Mega Pidgeot,Normal,Flying,83,80,80,135,80,121,579,1,FALSE,TRUE,UUBL
Tornadus-T,Flying,None,79,100,80,110,90,121,580,5,TRUE,FALSE,OU
Greninja,Water,Dark,72,95,67,103,71,122,530,6,FALSE,FALSE,Uber
Noivern,Flying,Dragon,85,70,80,97,80,123,535,6,FALSE,FALSE,RUBL
Swellow,Normal,Flying,60,85,60,50,50,125,430,3,FALSE,FALSE,NU
Weavile,Dark,Ice,70,120,65,45,85,125,510,4,FALSE,FALSE,OU
Darkrai,Dark,None,70,90,90,135,90,125,600,4,TRUE,FALSE,Uber
Talonflame,Fire,Flying,78,81,71,74,69,126,499,6,FALSE,FALSE,OU
Shaymin-S,Grass,Flying,100,103,75,120,75,127,600,4,TRUE,FALSE,Uber
Rotom-C,Normal,Fighting,100,128,90,77,77,128,600,5,FALSE,FALSE,RU
Aerodactyl,Rock,Flying,80,105,65,60,75,130,515,1,FALSE,FALSE,RU
Crobat,Poison,Flying,85,90,80,70,80,130,535,2,FALSE,FALSE,UU
Mewtwo,Psychic,None,106,110,90,154,90,130,680,1,TRUE,FALSE,Uber
Jolteon,Electric,None,65,65,60,110,95,130,525,1,FALSE,FALSE,RU
Mega Gengar,Ghost,Poison,60,65,80,170,95,130,600,1,FALSE,TRUE,Uber
Mega Mewtwo X,Psychic,Fighting,106,190,100,154,100,130,780,1,TRUE,TRUE,Uber
Mega Manectric,Electric,None,70,75,80,135,80,135,575,3,FALSE,TRUE,OU
Mega Lopunny,Normal,Fighting,65,136,94,54,96,135,580,4,FALSE,TRUE,OU
Electrode,Electric,None,60,50,70,80,80,140,480,1,FALSE,FALSE,PU
Mega Mewtwo Y,Psychic,None,106,150,70,194,120,140,780,1,TRUE,TRUE,Uber
Accelgor,Bug,None,80,70,40,100,60,145,495,5,FALSE,FALSE,RU
Mega Beedrill,Bug,Poison,65,150,40,15,80,145,495,1,FALSE,TRUE,UU
Mega Sceptile,Grass,Dragon,70,110,75,145,85,145,630,3,FALSE,TRUE,UU
Deoxys-A,Psychic,None,50,180,20,180,20,150,600,3,TRUE,FALSE,Uber
Deoxys,Psychic,None,50,150,50,150,50,150,600,3,TRUE,FALSE,Uber
Mega Aerodactyl,Rock,Flying,80,135,85,70,95,150,615,1,FALSE,TRUE,UU
Mega Alakazam,Psychic,None,55,50,65,175,95,150,590,1,FALSE,TRUE,UUBL
Ninjask,Bug,Flying,61,90,45,50,50,160,456,3,FALSE,FALSE,PU
Deoxys-S,Psychic,None,50,95,90,95,90,180,600,3,TRUE,FALSE,Uber
